{
  "Headers": [],
  "Blocks": [
    {
      "PublicName": 0,
      "Description": 0,
      "BaseItem": 108,
      "HUDIcon": "",
      "IconRotationOffset": 0.0,
      "IconZoomOffset": 0.0,
      "FPSArmPoseName": "",
      "ThirdPersonFullbodyMovement": 0,
      "SemiArchetype": 1,
      "BurstArchetype": 3,
      "AutoArchetype": 5,
      "SemiBurstArchetype": 16,
      "MeleeArchetype": 0,
      "PartAlignPriority": [],
      "name": "Rifle",
      "internalEnabled": true,
      "persistentID": 1
    },
    {
      "PublicName": 0,
      "Description": 0,
      "BaseItem": 109,
      "HUDIcon": "",
      "IconRotationOffset": 0.0,
      "IconZoomOffset": 0.0,
      "FPSArmPoseName": "",
      "ThirdPersonFullbodyMovement": 0,
      "SemiArchetype": 1,
      "BurstArchetype": 3,
      "AutoArchetype": 73,
      "SemiBurstArchetype": 16,
      "MeleeArchetype": 0,
      "PartAlignPriority": [],
      "name": "RifleHeavy",
      "internalEnabled": true,
      "persistentID": 22
    },
    {
      "PublicName": 0,
      "Description": 0,
      "BaseItem": 108,
      "HUDIcon": "",
      "IconRotationOffset": 0.0,
      "IconZoomOffset": 0.0,
      "FPSArmPoseName": "",
      "ThirdPersonFullbodyMovement": 0,
      "SemiArchetype": 76,
      "BurstArchetype": 76,
      "AutoArchetype": 76,
      "SemiBurstArchetype": 76,
      "MeleeArchetype": 0,
      "PartAlignPriority": [],
      "name": "RifleCQB",
      "internalEnabled": true,
      "persistentID": 31
    },
    {
      "PublicName": 0,
      "Description": 0,
      "BaseItem": 108,
      "HUDIcon": "",
      "IconRotationOffset": 0.0,
      "IconZoomOffset": 0.0,
      "FPSArmPoseName": "",
      "ThirdPersonFullbodyMovement": 0,
      "SemiArchetype": 77,
      "BurstArchetype": 77,
      "AutoArchetype": 77,
      "SemiBurstArchetype": 77,
      "MeleeArchetype": 0,
      "PartAlignPriority": [],
      "name": "SMG_PDW",
      "internalEnabled": true,
      "persistentID": 32
    },
    {
      "PublicName": 0,
      "Description": 0,
      "BaseItem": 108,
      "HUDIcon": "",
      "IconRotationOffset": 0.0,
      "IconZoomOffset": 0.2,
      "FPSArmPoseName": "",
      "ThirdPersonFullbodyMovement": 0,
      "SemiArchetype": 17,
      "BurstArchetype": 18,
      "AutoArchetype": 19,
      "SemiBurstArchetype": 20,
      "MeleeArchetype": 0,
      "PartAlignPriority": [],
      "name": "SMG",
      "internalEnabled": true,
      "persistentID": 2
    },
    {
      "PublicName": 0,
      "Description": 0,
      "BaseItem": 108,
      "HUDIcon": "",
      "IconRotationOffset": 0.0,
      "IconZoomOffset": 0.0,
      "FPSArmPoseName": "",
      "ThirdPersonFullbodyMovement": 0,
      "SemiArchetype": 17,
      "BurstArchetype": 18,
      "AutoArchetype": 69,
      "SemiBurstArchetype": 20,
      "MeleeArchetype": 0,
      "PartAlignPriority": [],
      "name": "SMGHeavy",
      "internalEnabled": true,
      "persistentID": 25
    },
    {
      "PublicName": 0,
      "Description": 0,
      "BaseItem": 108,
      "HUDIcon": "",
      "IconRotationOffset": 0.0,
      "IconZoomOffset": 0.0,
      "FPSArmPoseName": "",
      "ThirdPersonFullbodyMovement": 0,
      "SemiArchetype": 51,
      "BurstArchetype": 50,
      "AutoArchetype": 49,
      "SemiBurstArchetype": 53,
      "MeleeArchetype": 0,
      "PartAlignPriority": [
        {
          "AlignType": 7,
          "PartPrio": [
            4,
            2,
            3
          ]
        }
      ],
      "name": "Bullpup",
      "internalEnabled": true,
      "persistentID": 17
    },
    {
      "PublicName": 0,
      "Description": 0,
      "BaseItem": 109,
      "HUDIcon": "",
      "IconRotationOffset": 0.0,
      "IconZoomOffset": 0.0,
      "FPSArmPoseName": "",
      "ThirdPersonFullbodyMovement": 0,
      "SemiArchetype": 21,
      "BurstArchetype": 22,
      "AutoArchetype": 23,
      "SemiBurstArchetype": 24,
      "MeleeArchetype": 0,
      "PartAlignPriority": [],
      "name": "MachineGun_LowRPM",
      "internalEnabled": true,
      "persistentID": 3
    },
    {
      "PublicName": 0,
      "Description": 0,
      "BaseItem": 109,
      "HUDIcon": "",
      "IconRotationOffset": 0.0,
      "IconZoomOffset": 0.0,
      "FPSArmPoseName": "",
      "ThirdPersonFullbodyMovement": 0,
      "SemiArchetype": 21,
      "BurstArchetype": 22,
      "AutoArchetype": 59,
      "SemiBurstArchetype": 24,
      "MeleeArchetype": 0,
      "PartAlignPriority": [],
      "name": "MachineGun",
      "internalEnabled": true,
      "persistentID": 19
    },
    {
      "PublicName": 0,
      "Description": 0,
      "BaseItem": 108,
      "HUDIcon": "",
      "IconRotationOffset": 0.0,
      "IconZoomOffset": 0.0,
      "FPSArmPoseName": "",
      "ThirdPersonFullbodyMovement": 0,
      "SemiArchetype": 25,
      "BurstArchetype": 26,
      "AutoArchetype": 27,
      "SemiBurstArchetype": 28,
      "MeleeArchetype": 0,
      "PartAlignPriority": [],
      "name": "DMR",
      "internalEnabled": true,
      "persistentID": 4
    },
    {
      "PublicName": 0,
      "Description": 0,
      "BaseItem": 109,
      "HUDIcon": "",
      "IconRotationOffset": 0.0,
      "IconZoomOffset": 0.0,
      "FPSArmPoseName": "",
      "ThirdPersonFullbodyMovement": 0,
      "SemiArchetype": 17,
      "BurstArchetype": 18,
      "AutoArchetype": 19,
      "SemiBurstArchetype": 28,
      "MeleeArchetype": 0,
      "PartAlignPriority": [],
      "name": "SMG_Special",
      "internalEnabled": true,
      "persistentID": 24
    },
    {
      "PublicName": 0,
      "Description": 0,
      "BaseItem": 109,
      "HUDIcon": "",
      "IconRotationOffset": 0.0,
      "IconZoomOffset": 0.0,
      "FPSArmPoseName": "",
      "ThirdPersonFullbodyMovement": 0,
      "SemiArchetype": 29,
      "BurstArchetype": 30,
      "AutoArchetype": 31,
      "SemiBurstArchetype": 32,
      "MeleeArchetype": 0,
      "PartAlignPriority": [],
      "name": "Sniper",
      "internalEnabled": true,
      "persistentID": 5
    },
    {
      "PublicName": 0,
      "Description": 0,
      "BaseItem": 109,
      "HUDIcon": "",
      "IconRotationOffset": 0.0,
      "IconZoomOffset": 0.0,
      "FPSArmPoseName": "",
      "ThirdPersonFullbodyMovement": 0,
      "SemiArchetype": 65,
      "BurstArchetype": 30,
      "AutoArchetype": 31,
      "SemiBurstArchetype": 32,
      "MeleeArchetype": 0,
      "PartAlignPriority": [],
      "name": "Gauss_Rifle",
      "internalEnabled": true,
      "persistentID": 20
    },
    {
      "PublicName": 0,
      "Description": 0,
      "BaseItem": 109,
      "HUDIcon": "",
      "IconRotationOffset": 0.0,
      "IconZoomOffset": 0.0,
      "FPSArmPoseName": "",
      "ThirdPersonFullbodyMovement": 0,
      "SemiArchetype": 79,
      "BurstArchetype": 79,
      "AutoArchetype": 79,
      "SemiBurstArchetype": 79,
      "MeleeArchetype": 0,
      "PartAlignPriority": [],
      "name": "Precision_Rifle",
      "internalEnabled": true,
      "persistentID": 34
    },
    {
      "PublicName": 0,
      "Description": 0,
      "BaseItem": 110,
      "HUDIcon": "",
      "IconRotationOffset": 0.0,
      "IconZoomOffset": 0.0,
      "FPSArmPoseName": "",
      "ThirdPersonFullbodyMovement": 0,
      "SemiArchetype": 33,
      "BurstArchetype": 34,
      "AutoArchetype": 35,
      "SemiBurstArchetype": 36,
      "MeleeArchetype": 0,
      "PartAlignPriority": [],
      "name": "Shotgun",
      "internalEnabled": true,
      "persistentID": 6
    },
    {
      "PublicName": 0,
      "Description": 0,
      "BaseItem": 156,
      "HUDIcon": "",
      "IconRotationOffset": 0.0,
      "IconZoomOffset": 0.0,
      "FPSArmPoseName": "",
      "ThirdPersonFullbodyMovement": 0,
      "SemiArchetype": 81,
      "BurstArchetype": 34,
      "AutoArchetype": 35,
      "SemiBurstArchetype": 36,
      "MeleeArchetype": 0,
      "PartAlignPriority": [],
      "name": "Shotgun_Slug",
      "internalEnabled": true,
      "persistentID": 37
    },
    {
      "PublicName": 0,
      "Description": 0,
      "BaseItem": 156,
      "HUDIcon": "",
      "IconRotationOffset": 0.0,
      "IconZoomOffset": 0.0,
      "FPSArmPoseName": "",
      "ThirdPersonFullbodyMovement": 0,
      "SemiArchetype": 81,
      "BurstArchetype": 78,
      "AutoArchetype": 78,
      "SemiBurstArchetype": 78,
      "MeleeArchetype": 0,
      "PartAlignPriority": [],
      "name": "HEL_Shotgun",
      "internalEnabled": true,
      "persistentID": 33
    },
    {
      "PublicName": 0,
      "Description": 0,
      "BaseItem": 110,
      "HUDIcon": "",
      "IconRotationOffset": 0.0,
      "IconZoomOffset": 0.0,
      "FPSArmPoseName": "",
      "ThirdPersonFullbodyMovement": 0,
      "SemiArchetype": 33,
      "BurstArchetype": 72,
      "AutoArchetype": 35,
      "SemiBurstArchetype": 36,
      "MeleeArchetype": 0,
      "PartAlignPriority": [],
      "name": "Scattergun",
      "internalEnabled": true,
      "persistentID": 30
    },
    {
      "PublicName": 0,
      "Description": 0,
      "BaseItem": 156,
      "HUDIcon": "",
      "IconRotationOffset": 0.0,
      "IconZoomOffset": 0.0,
      "FPSArmPoseName": "",
      "ThirdPersonFullbodyMovement": 1,
      "SemiArchetype": 45,
      "BurstArchetype": 47,
      "AutoArchetype": 46,
      "SemiBurstArchetype": 52,
      "MeleeArchetype": 0,
      "PartAlignPriority": [
        {
          "AlignType": 5,
          "PartPrio": [
            2,
            4
          ]
        }
      ],
      "name": "SawedOffShotgun",
      "internalEnabled": true,
      "persistentID": 16
    },
    {
      "PublicName": 0,
      "Description": 0,
      "BaseItem": 109,
      "HUDIcon": "",
      "IconRotationOffset": 0.0,
      "IconZoomOffset": 0.3,
      "FPSArmPoseName": "",
      "ThirdPersonFullbodyMovement": 1,
      "SemiArchetype": 37,
      "BurstArchetype": 38,
      "AutoArchetype": 39,
      "SemiBurstArchetype": 40,
      "MeleeArchetype": 0,
      "PartAlignPriority": [
        {
          "AlignType": 7,
          "PartPrio": [
            12
          ]
        },
        {
          "AlignType": 8,
          "PartPrio": [
            12
          ]
        }
      ],
      "name": "Revolver",
      "internalEnabled": true,
      "persistentID": 7
    },
    {
      "PublicName": 0,
      "Description": 0,
      "BaseItem": 108,
      "HUDIcon": "",
      "IconRotationOffset": 0.0,
      "IconZoomOffset": 0.3,
      "FPSArmPoseName": "",
      "ThirdPersonFullbodyMovement": 1,
      "SemiArchetype": 38,
      "BurstArchetype": 38,
      "AutoArchetype": 39,
      "SemiBurstArchetype": 40,
      "MeleeArchetype": 0,
      "PartAlignPriority": [
        {
          "AlignType": 7,
          "PartPrio": [
            12
          ]
        },
        {
          "AlignType": 8,
          "PartPrio": [
            12
          ]
        }
      ],
      "name": "RevolverStandard",
      "internalEnabled": true,
      "persistentID": 23
    },
    {
      "PublicName": 0,
      "Description": 0,
      "BaseItem": 109,
      "HUDIcon": "",
      "IconRotationOffset": 0.0,
      "IconZoomOffset": 0.25,
      "FPSArmPoseName": "",
      "ThirdPersonFullbodyMovement": 1,
      "SemiArchetype": 80,
      "BurstArchetype": 80,
      "AutoArchetype": 80,
      "SemiBurstArchetype": 80,
      "MeleeArchetype": 0,
      "PartAlignPriority": [
        {
          "AlignType": 7,
          "PartPrio": [
            0
          ]
        },
        {
          "AlignType": 8,
          "PartPrio": [
            0
          ]
        }
      ],
      "name": "HighCalPistol",
      "internalEnabled": true,
      "persistentID": 35
    },
    {
      "PublicName": 0,
      "Description": 0,
      "BaseItem": 108,
      "HUDIcon": "",
      "IconRotationOffset": 0.0,
      "IconZoomOffset": 0.43,
      "FPSArmPoseName": "",
      "ThirdPersonFullbodyMovement": 1,
      "SemiArchetype": 41,
      "BurstArchetype": 42,
      "AutoArchetype": 43,
      "SemiBurstArchetype": 44,
      "MeleeArchetype": 0,
      "PartAlignPriority": [
        {
          "AlignType": 5,
          "PartPrio": [
            2,
            4
          ]
        }
      ],
      "name": "Pistol",
      "internalEnabled": true,
      "persistentID": 8
    },
    {
      "PublicName": 0,
      "Description": 0,
      "BaseItem": 108,
      "HUDIcon": "",
      "IconRotationOffset": 0.0,
      "IconZoomOffset": 0.48,
      "FPSArmPoseName": "",
      "ThirdPersonFullbodyMovement": 1,
      "SemiArchetype": 41,
      "BurstArchetype": 42,
      "AutoArchetype": 66,
      "SemiBurstArchetype": 44,
      "MeleeArchetype": 0,
      "PartAlignPriority": [
        {
          "AlignType": 5,
          "PartPrio": [
            2,
            4
          ]
        }
      ],
      "name": "Pistol_Stagger",
      "internalEnabled": true,
      "persistentID": 21
    },
    {
      "PublicName": "Bio Tracker",
      "Description": 818,
      "BaseItem": 28,
      "HUDIcon": "",
      "IconRotationOffset": 0.0,
      "IconZoomOffset": 0.0,
      "FPSArmPoseName": "",
      "ThirdPersonFullbodyMovement": 0,
      "SemiArchetype": 0,
      "BurstArchetype": 0,
      "AutoArchetype": 0,
      "SemiBurstArchetype": 0,
      "MeleeArchetype": 0,
      "PartAlignPriority": [],
      "name": "Motion Tracker",
      "internalEnabled": true,
      "persistentID": 9
    },
    {
      "PublicName": "Mapping device",
      "Description": 0,
      "BaseItem": 74,
      "HUDIcon": "",
      "IconRotationOffset": 0.0,
      "IconZoomOffset": 0.0,
      "FPSArmPoseName": "",
      "ThirdPersonFullbodyMovement": 0,
      "SemiArchetype": 0,
      "BurstArchetype": 0,
      "AutoArchetype": 0,
      "SemiBurstArchetype": 0,
      "MeleeArchetype": 0,
      "PartAlignPriority": [],
      "name": "Mapper",
      "internalEnabled": true,
      "persistentID": 10
    },
    {
      "PublicName": "C-Foam Launcher",
      "Description": 819,
      "BaseItem": 73,
      "HUDIcon": "",
      "IconRotationOffset": 0.0,
      "IconZoomOffset": 0.0,
      "FPSArmPoseName": "",
      "ThirdPersonFullbodyMovement": 0,
      "SemiArchetype": 0,
      "BurstArchetype": 0,
      "AutoArchetype": 0,
      "SemiBurstArchetype": 0,
      "MeleeArchetype": 0,
      "PartAlignPriority": [],
      "name": "GlueGun",
      "internalEnabled": true,
      "persistentID": 11
    },
    {
      "PublicName": "Sentry Gun",
      "Description": 0,
      "BaseItem": 97,
      "HUDIcon": "",
      "IconRotationOffset": 0.0,
      "IconZoomOffset": 0.0,
      "FPSArmPoseName": "",
      "ThirdPersonFullbodyMovement": 0,
      "SemiArchetype": 0,
      "BurstArchetype": 0,
      "AutoArchetype": 0,
      "SemiBurstArchetype": 0,
      "MeleeArchetype": 0,
      "PartAlignPriority": [
        {
          "AlignType": 7,
          "PartPrio": [
            27
          ]
        },
        {
          "AlignType": 8,
          "PartPrio": [
            27
          ]
        }
      ],
      "name": "SentryGun",
      "internalEnabled": true,
      "persistentID": 12
    },
    {
      "PublicName": "Mine deployer",
      "Description": 820,
      "BaseItem": 37,
      "HUDIcon": "",
      "IconRotationOffset": 0.0,
      "IconZoomOffset": 0.0,
      "FPSArmPoseName": "",
      "ThirdPersonFullbodyMovement": 0,
      "SemiArchetype": 0,
      "BurstArchetype": 0,
      "AutoArchetype": 0,
      "SemiBurstArchetype": 0,
      "MeleeArchetype": 0,
      "PartAlignPriority": [],
      "name": "TripMine",
      "internalEnabled": true,
      "persistentID": 13
    },
    {
      "PublicName": "Mapper drone",
      "Description": 0,
      "BaseItem": 111,
      "HUDIcon": "",
      "IconRotationOffset": 0.0,
      "IconZoomOffset": 0.0,
      "FPSArmPoseName": "",
      "ThirdPersonFullbodyMovement": 0,
      "SemiArchetype": 0,
      "BurstArchetype": 0,
      "AutoArchetype": 0,
      "SemiBurstArchetype": 0,
      "MeleeArchetype": 0,
      "PartAlignPriority": [],
      "name": "MapperDrone",
      "internalEnabled": true,
      "persistentID": 18
    },
    {
      "PublicName": 2145368856,
      "Description": 822,
      "BaseItem": 100,
      "HUDIcon": "",
      "IconRotationOffset": -90.0,
      "IconZoomOffset": 0.0,
      "FPSArmPoseName": "",
      "ThirdPersonFullbodyMovement": 2,
      "SemiArchetype": 0,
      "BurstArchetype": 0,
      "AutoArchetype": 0,
      "SemiBurstArchetype": 0,
      "MeleeArchetype": 1,
      "PartAlignPriority": [],
      "name": "MeleeSledgehammer",
      "internalEnabled": true,
      "persistentID": 14
    },
    {
      "PublicName": 125546949,
      "Description": 1408,
      "BaseItem": 161,
      "HUDIcon": "",
      "IconRotationOffset": -90.0,
      "IconZoomOffset": 0.2,
      "FPSArmPoseName": "",
      "ThirdPersonFullbodyMovement": 4,
      "SemiArchetype": 0,
      "BurstArchetype": 0,
      "AutoArchetype": 0,
      "SemiBurstArchetype": 0,
      "MeleeArchetype": 2,
      "PartAlignPriority": [],
      "name": "MeleeKnife",
      "internalEnabled": true,
      "persistentID": 27
    },
    {
      "PublicName": 4233525490,
      "Description": 1409,
      "BaseItem": 163,
      "HUDIcon": "",
      "IconRotationOffset": -90.0,
      "IconZoomOffset": 0.0,
      "FPSArmPoseName": "",
      "ThirdPersonFullbodyMovement": 4,
      "SemiArchetype": 0,
      "BurstArchetype": 0,
      "AutoArchetype": 0,
      "SemiBurstArchetype": 0,
      "MeleeArchetype": 4,
      "PartAlignPriority": [],
      "name": "MeleeBat",
      "internalEnabled": true,
      "persistentID": 29
    },
    {
      "PublicName": 3901540528,
      "Description": 1407,
      "BaseItem": 162,
      "HUDIcon": "",
      "IconRotationOffset": -90.0,
      "IconZoomOffset": 0.0,
      "FPSArmPoseName": "",
      "ThirdPersonFullbodyMovement": 5,
      "SemiArchetype": 0,
      "BurstArchetype": 0,
      "AutoArchetype": 0,
      "SemiBurstArchetype": 0,
      "MeleeArchetype": 3,
      "PartAlignPriority": [],
      "name": "MeleeSpear",
      "internalEnabled": true,
      "persistentID": 28
    },
    {
      "PublicName": "Hacking tool",
      "Description": 0,
      "BaseItem": 53,
      "HUDIcon": "",
      "IconRotationOffset": 0.0,
      "IconZoomOffset": 0.0,
      "FPSArmPoseName": "",
      "ThirdPersonFullbodyMovement": 1,
      "SemiArchetype": 0,
      "BurstArchetype": 0,
      "AutoArchetype": 0,
      "SemiBurstArchetype": 0,
      "MeleeArchetype": 0,
      "PartAlignPriority": [],
      "name": "HackingTool",
      "internalEnabled": true,
      "persistentID": 15
    },
    {
      "PublicName": "Nano Swarm",
      "Description": 823,
      "BaseItem": 160,
      "HUDIcon": "",
      "IconRotationOffset": 0.0,
      "IconZoomOffset": 0.0,
      "FPSArmPoseName": "",
      "ThirdPersonFullbodyMovement": 0,
      "SemiArchetype": 0,
      "BurstArchetype": 0,
      "AutoArchetype": 0,
      "SemiBurstArchetype": 0,
      "MeleeArchetype": 0,
      "PartAlignPriority": [],
      "name": "NanoSwarm",
      "internalEnabled": true,
      "persistentID": 26
    }
  ],
  "LastPersistentID": 37
}