{
  "Headers": [],
  "Blocks": [
    {
      "PublicName": "Hammer",
      "NoiseLevel": 0,
      "ChargedAttackDamage": 20.0,
      "LightAttackDamage": 3.0,
      "LightStaggerMulti": 1.0,
      "ChargedStaggerMulti": 1.3,
      "LightPrecisionMulti": 1.0,
      "ChargedPrecisionMulti": 1.0,
      "LightEnvironmentMulti": 3.0,
      "ChargedEnvironmentMulti": 3.0,
      "LightBackstabberMulti": 1.0,
      "ChargedBackstabberMulti": 1.0,
      "LightSleeperMulti": 1.0,
      "ChargedSleeperMulti": 1.0,
      "SkipLimbDestruction": false,
      "CameraDamageRayLength": 1.8,
      "AttackSphereRadius": 0.3,
      "PushDamageSphereRadius": 1.0,
      "CanHitMultipleEnemies": false,
      "EvaluateHoldBeforeAttack": false,
      "PlayImpactEffect": true,
      "AllowRunningWhenCharging": true,
      "PlayerRunSpeedMultiWhileCharging": 1.0,
      "MeleeAnimationSet": 1,
      "MeleeSFXSet": 1,
      "ChargedAttackStaminaCost": {
        "baseStaminaCostInCombat": 0.05,
        "baseStaminaCostOutOfCombat": 0.05,
        "resetRestingTimerInCombat": true,
        "resetRestingTimerOutOfCombat": true
      },
      "LightAttackStaminaCost": {
        "baseStaminaCostInCombat": 0.0,
        "baseStaminaCostOutOfCombat": 0.0,
        "resetRestingTimerInCombat": false,
        "resetRestingTimerOutOfCombat": false
      },
      "PushStaminaCost": {
        "baseStaminaCostInCombat": 0.05,
        "baseStaminaCostOutOfCombat": 0.05,
        "resetRestingTimerInCombat": false,
        "resetRestingTimerOutOfCombat": false
      },
      "name": "Hammer",
      "internalEnabled": true,
      "persistentID": 1
    },
    {
      "PublicName": "Knife",
      "NoiseLevel": 1,
      "ChargedAttackDamage": 5.5,
      "LightAttackDamage": 2.0,
      "LightStaggerMulti": 1.0,
      "ChargedStaggerMulti": 1.0,
      "LightPrecisionMulti": 1.0,
      "ChargedPrecisionMulti": 1.5,
      "LightEnvironmentMulti": 0.8,
      "ChargedEnvironmentMulti": 1.5,
      "LightBackstabberMulti": 1.0,
      "ChargedBackstabberMulti": 1.7,
      "LightSleeperMulti": 1.0,
      "ChargedSleeperMulti": 1.5,
      "SkipLimbDestruction": false,
      "CameraDamageRayLength": 1.75,
      "AttackSphereRadius": 0.25,
      "PushDamageSphereRadius": 0.7,
      "CanHitMultipleEnemies": false,
      "EvaluateHoldBeforeAttack": true,
      "PlayImpactEffect": true,
      "AllowRunningWhenCharging": true,
      "PlayerRunSpeedMultiWhileCharging": 1.0,
      "MeleeAnimationSet": 2,
      "MeleeSFXSet": 2,
      "ChargedAttackStaminaCost": {
        "baseStaminaCostInCombat": 0.0,
        "baseStaminaCostOutOfCombat": 0.0,
        "resetRestingTimerInCombat": true,
        "resetRestingTimerOutOfCombat": true
      },
      "LightAttackStaminaCost": {
        "baseStaminaCostInCombat": 0.0,
        "baseStaminaCostOutOfCombat": 0.0,
        "resetRestingTimerInCombat": false,
        "resetRestingTimerOutOfCombat": false
      },
      "PushStaminaCost": {
        "baseStaminaCostInCombat": 0.0,
        "baseStaminaCostOutOfCombat": 0.0,
        "resetRestingTimerInCombat": false,
        "resetRestingTimerOutOfCombat": false
      },
      "name": "Knife",
      "internalEnabled": true,
      "persistentID": 2
    },
    {
      "PublicName": "Spear",
      "NoiseLevel": 0,
      "ChargedAttackDamage": 17.5,
      "LightAttackDamage": 2.5,
      "LightStaggerMulti": 1.0,
      "ChargedStaggerMulti": 1.0,
      "LightPrecisionMulti": 1.1,
      "ChargedPrecisionMulti": 1.5,
      "LightEnvironmentMulti": 2.0,
      "ChargedEnvironmentMulti": 3.0,
      "LightBackstabberMulti": 1.0,
      "ChargedBackstabberMulti": 1.0,
      "LightSleeperMulti": 1.0,
      "ChargedSleeperMulti": 1.0,
      "SkipLimbDestruction": false,
      "CameraDamageRayLength": 3.2,
      "AttackSphereRadius": 0.15,
      "PushDamageSphereRadius": 1.0,
      "CanHitMultipleEnemies": true,
      "EvaluateHoldBeforeAttack": true,
      "PlayImpactEffect": true,
      "AllowRunningWhenCharging": true,
      "PlayerRunSpeedMultiWhileCharging": 0.9,
      "MeleeAnimationSet": 3,
      "MeleeSFXSet": 3,
      "ChargedAttackStaminaCost": {
        "baseStaminaCostInCombat": 0.03,
        "baseStaminaCostOutOfCombat": 0.03,
        "resetRestingTimerInCombat": true,
        "resetRestingTimerOutOfCombat": true
      },
      "LightAttackStaminaCost": {
        "baseStaminaCostInCombat": 0.0,
        "baseStaminaCostOutOfCombat": 0.0,
        "resetRestingTimerInCombat": false,
        "resetRestingTimerOutOfCombat": false
      },
      "PushStaminaCost": {
        "baseStaminaCostInCombat": 0.03,
        "baseStaminaCostOutOfCombat": 0.03,
        "resetRestingTimerInCombat": false,
        "resetRestingTimerOutOfCombat": false
      },
      "name": "Spear",
      "internalEnabled": true,
      "persistentID": 3
    },
    {
      "PublicName": "Bat",
      "NoiseLevel": 0,
      "ChargedAttackDamage": 13.0,
      "LightAttackDamage": 4.0,
      "LightStaggerMulti": 4.0,
      "ChargedStaggerMulti": 7.0,
      "LightPrecisionMulti": 0.8,
      "ChargedPrecisionMulti": 1.0,
      "LightEnvironmentMulti": 5.0,
      "ChargedEnvironmentMulti": 5.0,
      "LightBackstabberMulti": 1.0,
      "ChargedBackstabberMulti": 1.0,
      "LightSleeperMulti": 1.0,
      "ChargedSleeperMulti": 1.0,
      "SkipLimbDestruction": false,
      "CameraDamageRayLength": 1.75,
      "AttackSphereRadius": 0.3,
      "PushDamageSphereRadius": 0.7,
      "CanHitMultipleEnemies": false,
      "EvaluateHoldBeforeAttack": true,
      "PlayImpactEffect": true,
      "AllowRunningWhenCharging": true,
      "PlayerRunSpeedMultiWhileCharging": 1.0,
      "MeleeAnimationSet": 4,
      "MeleeSFXSet": 4,
      "ChargedAttackStaminaCost": {
        "baseStaminaCostInCombat": 0.025,
        "baseStaminaCostOutOfCombat": 0.025,
        "resetRestingTimerInCombat": true,
        "resetRestingTimerOutOfCombat": true
      },
      "LightAttackStaminaCost": {
        "baseStaminaCostInCombat": 0.0,
        "baseStaminaCostOutOfCombat": 0.0,
        "resetRestingTimerInCombat": false,
        "resetRestingTimerOutOfCombat": false
      },
      "PushStaminaCost": {
        "baseStaminaCostInCombat": 0.025,
        "baseStaminaCostOutOfCombat": 0.025,
        "resetRestingTimerInCombat": false,
        "resetRestingTimerOutOfCombat": false
      },
      "name": "Bat",
      "internalEnabled": true,
      "persistentID": 4
    }
  ],
  "LastPersistentID": 4
}