{"manifestVersion":1,"name":"Mimikium-OmegaWeapons","authorName":"Mimikium","websiteUrl":"","displayName":"OmegaWeapons","description":"A weapon rebalance mod balanced around Vanilla and similar difficulty custom rundowns (such as Variable Delta). Massive credit goes to Tru's Vanilla Reloaded mod for inspiration and some of the changes.","gameVersion":"","networkMode":"","packageType":"","installMode":"","installedAtTime":0,"loaders":[],"dependencies":["BepInEx-BepInExPack_GTFO-3.2.2","dakkhuza-MTFO-4.6.2","tru0067-PierceBugFix-1.2.1","randomuserhi-DMRReloadFix-0.0.6"],"incompatibilities":[],"optionalDependencies":[],"versionNumber":{"major":1,"minor":0,"patch":6},"enabled":true,"icon":""}